start,end,image,effect,motion
0.000,3.019,01a.png,none,in
3.019,6.293,02c.png,none,left
6.293,9.590,03a.png,none,right
9.590,12.399,04a.png,none,in
12.399,15.650,05b.png,none,left
15.650,18.947,06c.png,none,right
18.947,21.757,07a.png,none,in
21.757,25.000,08b.png,none,left
25.000,27.690,01a.png,none,right
27.690,33.410,01a.png,none,in
33.410,37.450,01a.png,none,left
37.450,42.490,01b.png,none,right
42.490,47.200,01c.png,none,in
47.200,51.570,02a.png,none,left
51.570,55.950,02b.png,none,right
55.950,59.048,01b.png,none,in
59.048,62.500,01c.png,none,left
62.500,66.660,02c.png,none,right
66.660,67.408,01a.png,none,in
67.408,68.336,01b.png,none,left
68.336,70.000,01c.png,none,right
70.000,73.680,01b.png,none,in
73.680,77.170,04a.png,none,left
77.170,80.670,05c.png,none,right
80.670,86.500,07a.png,none,in
86.500,88.300,03a.png,none,left
88.300,91.900,03a.png,none,right
91.900,95.500,03b.png,none,in
95.500,100.650,04a.png,none,left
100.650,102.679,04b.png,none,right
102.679,105.020,04c.png,none,in
105.020,108.880,03c.png,none,left
108.880,114.000,04a.png,none,right
114.000,117.910,01b.png,none,in
117.910,121.620,04a.png,none,left
121.620,125.330,05c.png,none,right
125.330,131.500,07a.png,none,in
131.500,134.090,04b.png,none,left
134.090,136.910,04a.png,none,right
136.910,140.000,04c.png,none,in
140.000,141.750,05c.png,none,left
141.750,146.500,05a.png,none,right
146.500,151.500,05b.png,none,in
151.500,154.041,06a.png,none,left
154.041,156.250,06b.png,none,right
156.250,158.639,06c.png,none,in
158.639,160.750,05c.png,none,left
160.750,166.000,05c.png,none,right
166.000,167.770,07a.png,none,in
167.770,170.290,07a.png,none,left
170.290,172.501,07b.png,none,right
172.501,174.340,07c.png,none,in
174.340,180.140,08a.png,none,left
180.140,183.930,08b.png,none,right
183.930,186.460,08c.png,none,in
186.460,188.616,07a.png,none,left
188.616,191.000,08b.png,none,right
191.000,194.720,01b.png,none,in
194.720,197.700,01c.png,none,left
197.700,201.670,04a.png,none,right
201.670,203.650,04b.png,none,in
203.650,206.380,04c.png,none,left
206.380,209.610,05a.png,none,right
209.610,213.080,05b.png,none,in
213.080,216.060,06a.png,none,left
216.060,219.290,07a.png,none,right
219.290,221.520,07b.png,none,in
221.520,225.000,07c.png,none,left
225.000,229.020,01b.png,none,right
229.020,232.840,04a.png,none,in
232.840,236.660,05c.png,none,left
236.660,240.480,07a.png,none,right
240.480,246.666,01b.png,none,in
246.666,253.098,04b.png,none,left
253.098,259.600,07c.png,none,right
