start,end,kind,text,year,event,shots
2.64,6.55,intro,"자, 한국사 연도 타임 세 번째!",,,
6.55,10.49,intro,"남쪽엔 신라, 북쪽엔 발해",,,
10.49,15.74,intro,"남북국 시대, 가 보자!",,,
15.74,17.53,line,"685, 신라 신문왕",685,9주 5소경,01a 01b
17.53,19.87,line,전국을 9주로 나누고 5소경을 두었어,685,9주 5소경,01c
19.87,23.70,gang,기억해 이거! 기억 기억해 이거!,685,9주 5소경,
23.70,26.03,line,"687, 관리들에게 관료전을 주고",687,관료전 지급,02a 02b
26.03,28.40,line,녹읍을 없애 왕권을 강화했어!,687,녹읍 폐지 · 왕권 강화,02c
28.40,31.87,gang,685 9주 5소경! 687 관료전!,685 · 687,,01b 02b
31.87,34.74,hook,685! 687! 698 발해!,685 · 687 · 698,,01a 02a 03a
34.74,36.02,gang,기억해 이거!,,,
36.02,38.40,hook,751! 788! 828 장보고!,751 · 788 · 828,,05a 06a 07a
38.40,39.69,gang,기억해 이거!,,,
39.69,41.89,hook,889! 900! 901!,889 · 900 · 901,,08a 09a 10a
41.89,43.98,gang,기억해 이거! 기억해 이거!,,,
43.98,46.27,hook,926! 935! 남북국 끝!,926 · 935,,11a 12a
46.27,49.81,gang,"오-오, 오-오-오! 기억해 이거!",,,
49.81,52.66,line,"698, 고구려 장수 출신 대조영",698,발해 건국,03a
52.66,56.96,line,고구려 유민과 말갈을 이끌고 동모산에서 발해를 세웠어,698,발해 건국 · 동모산,03b
56.96,58.26,gang,기억해 이거!,698,발해 건국,
58.26,60.32,line,"고구려를 계승한 나라, 선왕 때는",선왕 때,고구려 계승,03c
60.32,62.64,line,"바다 동쪽의 번성한 나라, 해동성국!",선왕 때,해동성국,04a 04b 04c
62.64,65.71,gang,기억해 이거! 기억해 이거! 기억해 이거!,선왕 때,해동성국,
65.71,68.45,line,"751, 김대성이 짓기 시작한",751,불국사와 석굴암,05a
68.45,70.39,line,"불국사와 석굴암, 신라의 불교 문화!",751,불국사와 석굴암,05b 05c
70.39,74.14,gang,698 발해! 해동성국! 751 불국사 석굴암!,698 · 751,,03b 04b 05c
74.14,77.46,hook,685! 687! 698 발해!,685 · 687 · 698,,01a 02a 03a
77.46,78.49,gang,기억해 이거!,,,
78.49,81.18,hook,751! 788! 828 장보고!,751 · 788 · 828,,05a 06a 07a
81.18,82.46,gang,기억해 이거!,,,
82.46,84.26,hook,889! 900! 901!,889 · 900 · 901,,08a 09a 10a
84.26,86.37,gang,기억해 이거! 기억해 이거!,,,
86.37,88.19,hook,926! 935! 남북국 끝!,926 · 935,,11a 12a
88.19,92.35,gang,"오-오, 오-오-오! 기억해 이거!",,,
94.21,97.52,gang,스톱! 남북국 타임!,,,
102.46,103.93,line,남북국 타임!,,,
103.93,106.59,line,"788, 원성왕의 독서삼품과",788,독서삼품과,06a 06b
106.59,109.70,line,유교 경전을 얼마나 아는지로 관리를 뽑았어,788,독서삼품과,06c
109.70,112.22,gang,기억해 이거! 기억해 이거!,788,독서삼품과,
112.22,114.52,line,"828, 장보고가 완도에 청해진",828,장보고 청해진,07a 07b
114.52,116.66,line,해적을 소탕하고 바다 무역을 이끌었어!,828,해상 무역,07c
116.66,120.64,gang,기억해 이거! 기억해 이거! 기억해 이거!,828,장보고 청해진,
120.64,124.56,line,"889, 진성 여왕 때 나라가 어지러워",889,원종·애노의 난,08a
124.56,128.42,line,원종과 애노가 농민 봉기를 일으켰어,889,원종·애노의 난,08b 08c
128.42,133.00,gang,788 독서삼품과! 828 청해진! 889 원종 애노!,788 · 828 · 889,,06b 07b 08b
136.31,140.88,line,"900, 견훤이 완산주에서 후백제",900,후백제 건국,09a 09b
140.88,143.04,line,"901, 궁예가 송악에서 후고구려",901,후고구려 건국,10a 10b
143.04,145.08,line,다시 셋으로 나뉜 후삼국 시대!,901,후삼국 시대,09c 10c
145.08,146.38,gang,기억해 이거!,901,후삼국 시대,
146.38,148.64,line,"926, 거란의 침입으로 발해가 멸망",926,발해 멸망,11a 11b 11c
148.64,152.43,line,"935, 경순왕이 고려에 항복, 신라가 멸망했어",935,신라 멸망,12a 12b
152.43,158.99,gang,900 후백제! 901 후고구려! 926 발해 멸망! 935 신라 멸망!,900 · 901 · 926 · 935,,09b 10b 11b 12c
158.99,160.72,quiz,685? 9주 5소경!,685,9주 5소경,01a 01c
160.72,162.85,quiz,687? 관료전!,687,관료전 지급,02a 02c
162.85,164.76,quiz,698? 발해 건국!,698,발해 건국,03a 03c
164.76,166.95,quiz,751? 불국사 석굴암!,751,불국사와 석굴암,05a 05c
166.95,168.45,quiz,788? 독서삼품과!,788,독서삼품과,06a 06c
168.45,170.75,quiz,828? 장보고 청해진!,828,장보고 청해진,07a 07c
170.75,172.89,quiz,889? 원종 애노의 난!,889,원종·애노의 난,08a 08c
172.89,174.80,quizr,견훤의 후백제는? 900!,900,후백제 건국,09a 09c
174.80,176.41,quizr,궁예의 후고구려는? 901!,901,후고구려 건국,10a 10c
176.41,178.46,quizr,발해 멸망은? 926!,926,발해 멸망,11a 11c
178.46,180.69,quizr,신라 멸망은? 935!,935,신라 멸망,12a 12c
182.87,186.18,hook,685! 687! 698 발해!,685 · 687 · 698,,01a 02a 03a
186.18,187.19,gang,기억해 이거!,,,
187.19,190.01,hook,751! 788! 828 장보고!,751 · 788 · 828,,05a 06a 07a
190.01,191.22,gang,기억해 이거!,,,
191.22,193.15,hook,889! 900! 901!,889 · 900 · 901,,08a 09a 10a
193.15,195.09,gang,기억해 이거! 기억해 이거!,,,
195.09,196.83,hook,926! 935! 남북국 끝!,926 · 935,,11a 12a
196.83,200.25,gang,"오-오, 오-오-오! 남북국 시대, 완성!",,,
201.64,206.31,outro,"그다음은? 918, 왕건의 고려!",,,
206.31,210.10,outro,고려 전기 연도송으로 이어서 가자!,,,
