start,end,kind,text,year,event,shots
0.90,5.18,intro,"요, 조선 후기 간다",,,
5.18,9.09,intro,1608부터 1863까지,,,
9.09,15.14,intro,"교과서 그대로 박자에 실어, 렛츠 고!",,,
15.14,19.04,hook,1608! 27! 36! 78!,1608 · 1627 · 1636 · 1678,,01a 02a 03a 04a
19.04,22.62,hook,1712! 50! 76! 96!,1712 · 1750 · 1776 · 1796,,05a 07a 08a 10a
22.62,31.81,hook,1811! 60! 62! 63!,1811 · 1860 · 1862 · 1863,,11a 12a 13a 14a
31.81,35.06,line,"1608 대동법, 광해군 때 경기도에서 처음",1608,대동법,01a
35.06,38.54,line,특산물로 내던 공납을 토지의 넓이에 따라 쌀로,1608,대동법,01b 01c
38.54,42.03,line,"1627 정묘호란, 후금이 쳐들어왔고",1627,정묘호란,02a 02b 02c
42.03,45.17,line,"1636 병자호란, 나라 이름을 바꾼 청이 다시 쳐들어와",1636,병자호란,03a
45.17,49.16,line,인조는 남한산성으로 피란해 맞섰지만,1636,병자호란 · 남한산성,03b
49.16,51.49,line,결국 청에 항복했어!,1636,병자호란,03c
51.49,56.54,gang,08 대동법! 27 정묘! 36 병자!,1608 · 1627 · 1636,,01b 02b 03b
56.54,59.79,line,"1678 상평통보, 숙종 때 공식 화폐로",1678,상평통보,04a
59.79,63.58,line,"전국에 유통시켜, 상업이 발달하는 바탕!",1678,상평통보,04b 04c
63.58,66.50,line,"1712 백두산정계비, 청과 국경을 정하고",1712,백두산정계비,05a 05b
66.50,68.36,line,백두산에 비석을 세웠어,1712,백두산정계비,05c
68.36,71.50,line,"영조는 탕평책, 여러 붕당의 인재를 고르게 등용",영조와 정조,탕평책,06a 06c
71.50,74.93,line,"1750 균역법, 군포를 2필에서 1필로!",1750,균역법,07a 07b 07c
74.93,78.50,gang,78 상평통보! 12 정계비! 50 균역법!,1678 · 1712 · 1750,,04b 05b 07b
78.50,82.50,hook,1608! 27! 36! 78!,1608 · 1627 · 1636 · 1678,,01a 02a 03a 04a
82.50,86.00,hook,1712! 50! 76! 96!,1712 · 1750 · 1776 · 1796,,05a 07a 08a 10a
86.00,93.63,hook,1811! 60! 62! 63!,1811 · 1860 · 1862 · 1863,,11a 12a 13a 14a
93.63,97.01,line,"1776 규장각, 정조는 즉위한 해에",1776,규장각,08a 08b
97.01,100.22,line,규장각을 설치해 학문을 연구하고 인재를 길러,1776,규장각,08c
100.22,102.69,line,"정조도 탕평책, 붕당 다툼을 줄이고",영조와 정조,탕평책,06b
102.69,105.68,line,"현실 문제를 해결하려는 학문, 실학!",조선 후기,실학,09a
105.68,108.00,line,"유형원, 이익, 정약용, 박지원, 박제가",조선 후기,실학,09b 09c
108.00,111.40,line,"1796 수원 화성, 정약용이 설계하고",1796,수원 화성,10a 10b
111.40,114.26,line,거중기로 공사 기간을 줄였어!,1796,수원 화성 · 거중기,10c
114.26,116.76,gang,76 규장각! 96 수원 화성!,1776 · 1796,,08b 10b
116.76,120.11,line,"정조가 죽은 뒤 세도 정치, 정치가 어지러워",1811,세도 정치,11a
120.11,123.75,line,"1811 홍경래의 난, 평안도 차별과 수탈에 맞서",1811,홍경래의 난,11b 11c
123.75,126.58,line,"1860 동학 창시, 최제우가 만든 동학",1860,동학 창시,12a 12b
126.58,129.14,line,모든 사람이 평등하다고 가르쳤어,1860,동학 창시,12c
129.14,132.55,line,"1862 임술 농민 봉기, 삼정의 문란에 맞서",1862,임술 농민 봉기,13a 13b
132.55,135.54,line,진주에서 시작해 전국으로 퍼져,1862,임술 농민 봉기,13c
135.54,139.09,line,"1863 흥선대원군, 어린 고종의 아버지가",1863,흥선대원군 집권,14a 14b
139.09,141.06,line,나라의 실권을 잡았어!,1863,흥선대원군 집권,14c
141.06,146.33,gang,11 홍경래! 60 동학! 62 임술! 63 대원군!,1811 · 1860 · 1862 · 1863,,11b 12b 13b 14b
146.33,148.09,quiz,1608? 대동법!,1608,대동법,01a 01c
148.09,149.75,quiz,1627? 정묘호란!,1627,정묘호란,02a 02c
149.75,151.41,quiz,1636? 병자호란!,1636,병자호란,03a 03c
151.41,153.39,quiz,1678? 상평통보!,1678,상평통보,04a 04c
153.39,155.46,quiz,1712? 백두산정계비!,1712,백두산정계비,05a 05c
155.46,157.17,quizr,균역법은? 1750!,1750,균역법,07a 07c
157.17,158.89,quizr,규장각은? 1776!,1776,규장각,08a 08c
158.89,160.40,quizr,수원 화성은? 1796!,1796,수원 화성,10a 10c
160.40,162.40,quizr,홍경래의 난은? 1811!,1811,홍경래의 난,11a 11c
162.40,164.40,quizr,동학 창시는? 1860!,1860,동학 창시,12a 12c
164.40,166.40,quizr,임술 농민 봉기는? 1862!,1862,임술 농민 봉기,13a 13c
166.40,169.74,quizr,흥선대원군은? 1863!,1863,흥선대원군 집권,14a 14c
169.74,173.93,hook,1608! 27! 36! 78!,1608 · 1627 · 1636 · 1678,,01a 02a 03a 04a
173.93,176.76,hook,1712! 50! 76! 96!,1712 · 1750 · 1776 · 1796,,05a 07a 08a 10a
176.76,180.43,hook,1811! 60! 62! 63!,1811 · 1860 · 1862 · 1863,,11a 12a 13a 14a
180.43,185.21,gang,조선 후기 완성!,,,
185.21,189.95,outro,"3년 뒤 1866, 병인양요",,,
189.95,194.32,outro,근현대사 랩으로 이어서 가자!,,,
