title,description,made_for_kids,playlist,end_screen,duration_min
태교음악 | 임신 중 마음이 편해지는 피아노 | 3시간 연속재생,"임신 중 잠들기 전이나 쉬는 시간에 들으실 수 있도록, 밝고 부드러운 무가사 피아노 7곡을 3시간 동안 이어 놓은 태교음악입니다.

같은 곡이 바로 되풀이되지 않도록 세 가지 순서로 이어 붙였고, 곡과 곡 사이는 천천히 잦아들었다가 다시 시작됩니다.
가사와 강한 박자가 없어 책을 읽거나 눈을 감고 쉴 때 배경으로 틀어 두기 좋습니다.

━━━━━━━━━━━━━━━━━━━━

🎵 수록곡 (무가사 피아노)

조약돌 햇살 · 방긋방긋 나무 · 포근한 꽃송이 · 파릇파릇 숨소리 · 말랑말랑 바람 · 찰랑찰랑 별빛 · 몽실몽실 꿈자리

⏱ 흐름

00:00 시작 (5초에 걸쳐 천천히 들어옵니다)
2:59:00 마지막 1분 동안 천천히 작아지며 끝납니다

━━━━━━━━━━━━━━━━━━━━

🎧 안전한 볼륨 사용

· 이어폰으로 들으실 때는 볼륨을 절반 이하로 맞춰 주세요.
· 스피커를 배에 직접 대지 마시고, 방 안에 편하게 틀어 두세요.
· 잠들기 전에 들으신다면 타이머를 맞춰 두시는 것을 권합니다.

━━━━━━━━━━━━━━━━━━━━

📂 이어서 들을 수 있는 재생목록

· 태교·임산부
· 무가사 피아노 자장가

▶ https://www.youtube.com/@dodamam/playlists

━━━━━━━━━━━━━━━━━━━━

Prenatal Music | Calming Piano for Pregnancy | 3 Hours
Seven gentle instrumental piano pieces, played in three different orders for three hours.

胎教音楽｜妊娠中に心が落ち着くピアノ 3時間
歌詞のないやさしいピアノ7曲を、3時間つなぎました。

━━━━━━━━━━━━━━━━━━━━

꿈꾸는 토담토담 라디오는 아기와 부모가 함께 보내는 조용한 시간을 위한 음악을 만듭니다.
모든 곡은 토담토담이 만든 창작곡입니다. (AI 음악 도구를 제작 과정에 활용했습니다)

#태교음악 #태교피아노 #임산부음악 #임신",no,태교·임산부,yes,180
새벽 수유 후 다시 재우는 아기 자장가 | 엄마 허밍과 브라운노이즈 | 2시간 연속재생,"새벽 수유를 마치고 아기를 다시 재울 때, 방을 밝히지 않고 조용히 틀어 둘 수 있는 2시간 자장가입니다.

엄마 허밍 5곡을 한층 낮고 부드럽게 다듬고, 그 아래에 브라운노이즈를 깔아 곡과 곡 사이에도 소리가 끊기지 않습니다.
브라운노이즈는 먼 바람이나 낮은 빗소리처럼 둥근 소리라, 핑크노이즈보다 더 포근하게 들립니다.

━━━━━━━━━━━━━━━━━━━━

🎵 수록곡 (엄마 허밍)

몽실몽실 꿈자리 · 찰랑찰랑 별빛 · 소복소복 물결 · 토닥토닥 이슬 · 소곤소곤 파도

⏱ 흐름

00:00 시작 (5초에 걸쳐 천천히 들어옵니다)
1:59:00 마지막 1분 동안 천천히 작아지며 끝납니다

━━━━━━━━━━━━━━━━━━━━

🎧 안전한 볼륨 사용

· 소리는 옆 사람과 조용히 대화할 수 있을 만큼 작게 맞춰 주세요.
· 스마트폰·스피커는 아기 머리맡이 아니라 2m 이상 떨어진 곳에 두세요.
· 아기가 잠든 뒤에는 타이머로 끄거나 소리를 더 줄여 주세요.
· 이어폰·헤드폰으로 아기에게 직접 들려주지 마세요.

━━━━━━━━━━━━━━━━━━━━

📂 이어서 들을 수 있는 재생목록

· 엄마 허밍 자장가

▶ https://www.youtube.com/@dodamam/playlists

━━━━━━━━━━━━━━━━━━━━

Lullaby After Night Feeding | Soft Humming and Brown Noise | 2 Hours
Low, gentle humming over warm brown noise for settling your baby back to sleep.

夜中の授乳のあとに｜ハミングとブラウンノイズ 2時間
低くやさしいハミングにブラウンノイズを重ね、途切れずにつなぎました。

━━━━━━━━━━━━━━━━━━━━

꿈꾸는 토담토담 라디오는 아기와 부모가 함께 보내는 조용한 시간을 위한 음악을 만듭니다.
모든 곡은 토담토담이 만든 창작곡입니다. (AI 음악 도구를 제작 과정에 활용했습니다)

#아기자장가 #새벽수유 #엄마허밍 #브라운노이즈",no,엄마 허밍 자장가,yes,120
아기 낮잠 음악 | 50분마다 깨는 아기를 위한 엄마 허밍 | 2시간 연속재생,"낮잠이 30~50분 만에 끝나는 아기를 위해, 2시간 동안 소리가 한 번도 끊기지 않게 만든 엄마 허밍 낮잠 음악입니다.

잠이 얕아지는 무렵 갑자기 조용해지지 않도록 곡과 곡 사이에도 소프트 핑크노이즈가 이어지고, 음량 변화는 작게 맞췄습니다.
밝은 느낌의 엄마 허밍 5곡을 세 가지 순서로 이어, 같은 곡이 바로 되풀이되지 않습니다.

━━━━━━━━━━━━━━━━━━━━

🎵 수록곡 (엄마 허밍)

조약돌 햇살 · 방긋방긋 나무 · 파릇파릇 숨소리 · 포근한 꽃송이 · 말랑말랑 바람

⏱ 흐름

00:00 시작 (5초에 걸쳐 천천히 들어옵니다)
1:59:00 마지막 1분 동안 천천히 작아지며 끝납니다

━━━━━━━━━━━━━━━━━━━━

🎧 안전한 볼륨 사용

· 소리는 옆 사람과 조용히 대화할 수 있을 만큼 작게 맞춰 주세요.
· 스마트폰·스피커는 아기 머리맡이 아니라 2m 이상 떨어진 곳에 두세요.
· 아기가 잠든 뒤에는 타이머로 끄거나 소리를 더 줄여 주세요.
· 이어폰·헤드폰으로 아기에게 직접 들려주지 마세요.

━━━━━━━━━━━━━━━━━━━━

📂 이어서 들을 수 있는 재생목록

· 엄마 허밍 자장가

▶ https://www.youtube.com/@dodamam/playlists

━━━━━━━━━━━━━━━━━━━━

Baby Nap Music | Humming for Babies Who Wake After 50 Minutes | 2 Hours
Bright humming with a soft pink noise bed that never goes silent between songs.

赤ちゃんのお昼寝音楽｜50分で起きる赤ちゃんのためのハミング 2時間
曲の間も途切れないやさしいピンクノイズを重ねました。

━━━━━━━━━━━━━━━━━━━━

꿈꾸는 토담토담 라디오는 아기와 부모가 함께 보내는 조용한 시간을 위한 음악을 만듭니다.
모든 곡은 토담토담이 만든 창작곡입니다. (AI 음악 도구를 제작 과정에 활용했습니다)

#아기낮잠 #낮잠음악 #엄마허밍 #핑크노이즈",no,엄마 허밍 자장가,yes,120
아기와 함께 쉬는 오후 피아노 자장가 | 잔잔한 시냇물 소리 | 90분 연속재생,"아기를 안고 쉬거나 곁에 누워 함께 쉬는 오후를 위해, 무가사 피아노 5곡 아래로 멀리서 흐르는 시냇물 소리를 낮게 깐 90분 음악입니다.

부모님이 함께 들으셔도 지루하지 않게 선율을 살렸고, 시냇물 소리는 곡과 곡 사이에도 계속 이어집니다.

━━━━━━━━━━━━━━━━━━━━

🎵 수록곡 (무가사 피아노)

은은한 풀잎 · 조랑조랑 구름 · 새근새근 숲속 · 살랑이는 모래 · 소담소담 빗방울

⏱ 흐름

00:00 시작 (5초에 걸쳐 천천히 들어옵니다)
1:29:00 마지막 1분 동안 천천히 작아지며 끝납니다

━━━━━━━━━━━━━━━━━━━━

🎧 안전한 볼륨 사용

· 소리는 옆 사람과 조용히 대화할 수 있을 만큼 작게 맞춰 주세요.
· 스마트폰·스피커는 아기 머리맡이 아니라 2m 이상 떨어진 곳에 두세요.
· 아기가 잠든 뒤에는 타이머로 끄거나 소리를 더 줄여 주세요.
· 이어폰·헤드폰으로 아기에게 직접 들려주지 마세요.

━━━━━━━━━━━━━━━━━━━━

📂 이어서 들을 수 있는 재생목록

· 무가사 피아노 자장가
· 빗소리·백색소음 자장가

▶ https://www.youtube.com/@dodamam/playlists

━━━━━━━━━━━━━━━━━━━━

Resting Together | Piano Lullaby with a Gentle Stream | 90 Minutes
Instrumental piano over the sound of a distant brook, for a quiet afternoon with your baby.

赤ちゃんと一緒に休む午後｜ピアノとせせらぎ 90分
歌詞のないピアノに、遠くの小川の音を静かに重ねました。

━━━━━━━━━━━━━━━━━━━━

꿈꾸는 토담토담 라디오는 아기와 부모가 함께 보내는 조용한 시간을 위한 음악을 만듭니다.
모든 곡은 토담토담이 만든 창작곡입니다. (AI 음악 도구를 제작 과정에 활용했습니다)

#피아노자장가 #시냇물소리 #육아휴식 #무가사피아노",no,무가사 피아노 자장가,yes,90
차 안에서 듣는 아기 수면음악 | 무가사 피아노와 브라운노이즈 | 90분 연속재생,"카시트에 앉은 아기가 편하게 잠들 수 있도록, 무가사 피아노 5곡 아래에 낮은 브라운노이즈를 깔아 90분 동안 이어 놓았습니다.

브라운노이즈는 차의 엔진·도로 소리와 비슷한 낮은 소리라, 바깥 소음 위로 음악만 튀지 않게 들립니다. 높은 음은 조금 부드럽게 줄였습니다.

🚗 운전 중에는 화면을 조작하지 마시고, 출발 전에 재생해 두세요.

━━━━━━━━━━━━━━━━━━━━

🎵 수록곡 (무가사 피아노)

몽실몽실 꿈자리 · 찰랑찰랑 별빛 · 소복소복 물결 · 토닥토닥 이슬 · 소곤소곤 파도

⏱ 흐름

00:00 시작 (5초에 걸쳐 천천히 들어옵니다)
1:29:00 마지막 1분 동안 천천히 작아지며 끝납니다

━━━━━━━━━━━━━━━━━━━━

🎧 안전한 볼륨 사용

· 소리는 옆 사람과 조용히 대화할 수 있을 만큼 작게 맞춰 주세요.
· 스마트폰·스피커는 아기 머리맡이 아니라 2m 이상 떨어진 곳에 두세요.
· 아기가 잠든 뒤에는 타이머로 끄거나 소리를 더 줄여 주세요.
· 이어폰·헤드폰으로 아기에게 직접 들려주지 마세요.

━━━━━━━━━━━━━━━━━━━━

📂 이어서 들을 수 있는 재생목록

· 무가사 피아노 자장가

▶ https://www.youtube.com/@dodamam/playlists

━━━━━━━━━━━━━━━━━━━━

Baby Sleep Music for the Car | Piano and Brown Noise | 90 Minutes
Instrumental piano over low brown noise that blends with engine and road sounds.

車の中で聴く赤ちゃんの睡眠音楽｜ピアノとブラウンノイズ 90分
歌詞のないピアノに、エンジン音になじむ低いブラウンノイズを重ねました。

━━━━━━━━━━━━━━━━━━━━

꿈꾸는 토담토담 라디오는 아기와 부모가 함께 보내는 조용한 시간을 위한 음악을 만듭니다.
모든 곡은 토담토담이 만든 창작곡입니다. (AI 음악 도구를 제작 과정에 활용했습니다)

#차안음악 #아기수면음악 #브라운노이즈 #카시트",no,무가사 피아노 자장가,yes,90
