title,description,made_for_kids,playlist,end_screen,duration_min,tags
아기 수면음악 | 밤잠용 엄마 허밍과 소프트 핑크노이즈 3시간 연속재생,"잠자리에 누운 아기가 천천히 편안해지도록, 엄마 허밍 자장가 8곡을 3시간 동안 끊김 없이 이어 놓았습니다.

처음 10분은 선율이 조금 더 또렷합니다. 아기가 뒤척이는 동안 소리에 기댈 곳을 만들어 두었습니다.
10분부터는 허밍 층을 한 겹 더 얹고, 20분 뒤부터는 선율을 단순하게 풀어 잠으로 넘어가기 쉽게 했습니다.
아래에 소프트 핑크노이즈를 아주 낮게 깔아 문소리나 발소리가 덜 들리게 했습니다.

밤잠, 새벽에 다시 재울 때, 낮잠 마무리에 쓰실 수 있습니다.

🌙 수록곡

00:00 몽실몽실 꿈자리
08:00 토닥토닥 이슬
16:00 찰랑찰랑 별빛
24:00 소복소복 물결
32:00 소곤소곤 파도
40:00 포근한 꽃송이
48:00 말랑말랑 바람
56:00 은은한 풀잎
1:04:00 두 번째 순환 (허밍 층 구성을 바꿨습니다)
2:08:00 세 번째 순환

🎧 볼륨 기준

미국소아과학회는 아기 수면 중 소음을 50dB 이하로 유지하고,
소리 기기를 아기에게서 약 2m 이상 떨어뜨릴 것을 권고합니다.

🎵 이어서 들을 수 있는 재생목록

엄마 허밍 자장가 — https://www.youtube.com/@dodamam/playlists
무가사 피아노 자장가 — https://www.youtube.com/@dodamam/playlists

Baby Sleep Music | Mother's Humming Lullaby with Soft Pink Noise | 3 Hours

토담토담은 아기와 부모가 함께 보내는 조용한 시간을 위한 음악을 만듭니다.
모든 곡은 이 채널에서 직접 만든 곡입니다.

#아기수면음악 #엄마허밍 #신생아자장가 #아기밤잠 #자장가3시간",no,엄마 허밍 자장가,yes,180,"아기 수면음악,엄마 허밍,신생아 자장가,아기 자장가,아기 밤잠 음악,밤잠 자장가,핑크노이즈,아기 백색소음,자장가 3시간,신생아 수면음악,영유아 수면음악,토담토담,baby sleep music,humming lullaby,pink noise for baby"
