title,description,made_for_kids,playlist,end_screen,duration_min,tags
아기 수면음악 | 엄마 허밍 자장가로 통잠 재우기 3시간 광고없음,"아기 수면음악입니다. 잠들기까지 오래 우는 신생아를 위해 엄마가 직접 부르는 허밍 자장가 14곡을 3시간 동안 끊김 없이 담았습니다.
사람 목소리가 아기를 가장 빨리 안정시킵니다. 밤새 틀어 두셔도 광고 없이 재생됩니다.

▶ 재생목록: https://www.youtube.com/@dodamam/playlists
▶ 24시간 라이브: (개설 후 링크)

⏱ 타임스탬프
00:00 1곡
15:00 곡 전환
30:00 곡 전환

🎧 사용 팁
- 볼륨은 속삭임보다 작게, 아기에게서 1m 이상 떨어진 곳에 두세요.
- 목욕 → 수유 → 음악 순서의 재우기 루틴 마지막 단계로 매일 같은 시간에 틀어 주세요.
- 아기 청력 보호를 위해 50dB 이하를 권장합니다.

#아기수면음악 #신생아자장가 #엄마허밍",no,밤잠,yes,180,"아기수면음악,엄마허밍,신생아자장가,통잠,자장가3시간"
신생아 자장가 | 잠 안 자는 아기 재우는 무가사 피아노 3시간 광고없음,"신생아 자장가입니다. 안아도 내려놓으면 깨는 아기를 위해 가사 없는 피아노 자장가 14곡을 3시간 동안 같은 볼륨으로 이어 붙였습니다.
곡 사이 무음이 없어 새벽에 소리가 끊기며 깨는 일을 막습니다. 광고 없이 재생됩니다.

▶ 재생목록: https://www.youtube.com/@dodamam/playlists
▶ 24시간 라이브: (개설 후 링크)

⏱ 타임스탬프
00:00 1곡
15:00 곡 전환
30:00 곡 전환

🎧 사용 팁
- 볼륨은 속삭임보다 작게, 아기에게서 1m 이상 떨어진 곳에 두세요.
- 목욕 → 수유 → 음악 순서의 재우기 루틴 마지막 단계로 매일 같은 시간에 틀어 주세요.
- 아기 청력 보호를 위해 50dB 이하를 권장합니다.

#아기수면음악 #신생아자장가 #엄마허밍",no,밤잠,yes,180,"신생아자장가,무가사자장가,피아노자장가,아기수면음악,3시간"
아기 낮잠 음악 | 30분 낮잠을 늘려주는 무가사 자장가 1시간,"아기 낮잠 음악입니다. 30분 만에 깨는 낮잠 주기를 넘기도록 수면 주기 전환 시점(약 30~40분)에 소리가 끊기지 않게 구성한 무가사 자장가 1시간입니다.
낮잠은 밤잠보다 볼륨을 한 단계 더 낮춰 틀어 주세요.

▶ 재생목록: https://www.youtube.com/@dodamam/playlists
▶ 24시간 라이브: (개설 후 링크)

⏱ 타임스탬프
00:00 1곡
10:00 곡 전환
20:00 곡 전환

🎧 사용 팁
- 볼륨은 속삭임보다 작게, 아기에게서 1m 이상 떨어진 곳에 두세요.
- 목욕 → 수유 → 음악 순서의 재우기 루틴 마지막 단계로 매일 같은 시간에 틀어 주세요.
- 아기 청력 보호를 위해 50dB 이하를 권장합니다.

#아기수면음악 #신생아자장가 #엄마허밍",no,낮잠,yes,60,"아기낮잠음악,낮잠자장가,무가사자장가,아기수면음악"
아기 낮잠 음악 | 엄마 허밍으로 재우는 자장가 1시간 광고없음,"아기 낮잠 음악입니다. 낮에 안겨서만 자는 아기를 위해 엄마 허밍 자장가 14곡을 1시간 동안 담았습니다.
허밍 버전은 아기가 부모 목소리에 익숙해지도록 처음 2주 동안 같은 시간에 틀어 주면 효과가 좋습니다.

▶ 재생목록: https://www.youtube.com/@dodamam/playlists
▶ 24시간 라이브: (개설 후 링크)

⏱ 타임스탬프
00:00 1곡
10:00 곡 전환
20:00 곡 전환

🎧 사용 팁
- 볼륨은 속삭임보다 작게, 아기에게서 1m 이상 떨어진 곳에 두세요.
- 목욕 → 수유 → 음악 순서의 재우기 루틴 마지막 단계로 매일 같은 시간에 틀어 주세요.
- 아기 청력 보호를 위해 50dB 이하를 권장합니다.

#아기수면음악 #신생아자장가 #엄마허밍",no,낮잠,yes,60,"아기낮잠음악,엄마허밍,낮잠자장가,아기수면음악"
신생아 자장가 | 잠들기 전 30분 엄마 허밍 15곡 광고없음,"신생아 자장가입니다. 재우기 루틴의 마지막 30분에 맞춰 엄마 허밍 15곡을 담았습니다. 끝나면 자동으로 3시간 버전으로 이어집니다.
매일 같은 시간, 같은 곡으로 시작하면 아기에게 잠 신호가 됩니다.

▶ 재생목록: https://www.youtube.com/@dodamam/playlists
▶ 24시간 라이브: (개설 후 링크)

⏱ 타임스탬프
00:00 1곡
07:00 곡 전환
15:00 곡 전환

🎧 사용 팁
- 볼륨은 속삭임보다 작게, 아기에게서 1m 이상 떨어진 곳에 두세요.
- 목욕 → 수유 → 음악 순서의 재우기 루틴 마지막 단계로 매일 같은 시간에 틀어 주세요.
- 아기 청력 보호를 위해 50dB 이하를 권장합니다.

#아기수면음악 #신생아자장가 #엄마허밍",no,밤잠,yes,30,"신생아자장가,엄마허밍,재우기루틴,아기수면음악"
아기 수면음악 | 재우기 루틴 마지막 30분 무가사 자장가 15곡,"아기 수면음악입니다. 재우기 루틴 마지막 30분용 무가사 자장가 15곡으로, 첫 곡부터 선율이 분명한 곡을 배치해 틀자마자 아기가 반응하도록 다시 편집했습니다.
끝나면 3시간 무가사 버전으로 자동 연결됩니다.

▶ 재생목록: https://www.youtube.com/@dodamam/playlists
▶ 24시간 라이브: (개설 후 링크)

⏱ 타임스탬프
00:00 1곡
07:00 곡 전환
15:00 곡 전환

🎧 사용 팁
- 볼륨은 속삭임보다 작게, 아기에게서 1m 이상 떨어진 곳에 두세요.
- 목욕 → 수유 → 음악 순서의 재우기 루틴 마지막 단계로 매일 같은 시간에 틀어 주세요.
- 아기 청력 보호를 위해 50dB 이하를 권장합니다.

#아기수면음악 #신생아자장가 #엄마허밍",no,밤잠,yes,30,"아기수면음악,무가사자장가,재우기루틴,신생아자장가"
